Smoking;IL1b;TNF;APEX1;XPD;EGFR;CHEK2;TGFb1;EPHX1 ;Status
к;T/C;G/G;T/T;T/T;A/T;N/N;G/G;T/C;1
к;T/T;G/A;G/G;T/G;T/T;N/N;G/G;T/T;1
к;T/C;G/G;G/G;G/G;A/A;N/P;G/G;T/C;1
к;C/C;G/A;G/G;T/T;A/A;N/N;G/G;T/T;1
к;T/T;G/G;G/G;T/T;A/A;N/N;G/G;T/C;1
к;T/C;G/G;T/T;T/G;A/T;N/N;G/G;T/T;1
к;T/T;G/G;T/T;T/G;A/T;N/P;G/G;T/C;1
к;T/T;G/G;T/G;T/G;A/A;N/P;G/G;T/T;1
к;C/C;G/G;G/G;T/G;T/T;N/N;G/C;T/C;1
к;T/T;G/G;T/T;T/G;T/T;N/N;G/C;T/T;1
к;T/C;G/G;T/G;T/G;A/T;P/P;G/G;T/T;1
к;T/C;G/A;G/G;T/G;A/A;N/N;G/G;T/T;1
к;C/C;G/G;T/G;T/G;T/T;N/N;G/G;T/T;1
к;T/T;G/G;T/T;T/G;A/A;N/N;G/G;T/T;1
к;T/T;G/G;T/G;T/T;A/A;N/P;G/G;T/C;1
к;C/C;G/G;T/G;T/T;A/A;N/N;G/G;T/T;1
к;T/C;G/G;G/G;T/G;A/T;N/N;G/G;C/C;1
н;T/C;G/A;T/G;T/T;T/T;N/N;G/G;T/C;1
н;T/C;G/G;T/G;T/G;A/T;N/N;G/G;T/T;1
к;T/C;G/G;T/G;T/T;A/T;N/N;G/G;T/C;1
к;T/C;G/G;T/T;T/T;T/T;N/N;G/G;T/C;1
к;C/C;G/G;T/G;T/T;A/A;N/N;G/G;T/T;1
к;C/C;G/A;T/G;T/G;T/T;N/N;G/G;T/C;1
к;C/C;G/G;T/G;T/G;T/T;N/N;G/G;C/C;1
к;T/T;G/A;G/G;G/G;T/T;N/P;G/G;T/T;1
к;T/T;G/G;G/G;T/G;A/T;N/N;G/G;T/T;1
к;C/C;G/G;T/G;T/G;A/T;N/N;G/G;T/T;1
к;C/C;G/G;T/G;T/G;A/T;N/N;G/G;T/C;1
к;T/T;G/G;G/G;T/T;T/T;N/P;G/C;T/C;1
к;T/C;G/G;T/G;T/G;A/A;N/N;G/G;T/C;1
к;T/C;G/G;T/G;G/G;T/T;N/N;G/G;T/T;1
к;T/T;G/G;T/G;T/T;A/T;N/P;G/G;T/C;1
к;C/C;G/G;T/G;T/T;A/T;N/N;G/G;T/T;1
к;C/C;G/G;T/T;T/T;A/T;N/N;G/G;T/C;1
к;T/C;G/G;T/T;G/G;T/T;N/N;G/G;T/C;1
к;T/T;G/A;T/G;T/T;A/A;N/N;G/G;T/T;1
к;T/C;G/A;T/T;T/G;A/A;N/N;G/G;T/T;1
к;T/T;G/G;T/T;T/G;T/T;N/N;G/G;T/C;1
к;T/T;G/A;G/G;T/T;A/A;N/N;G/G;T/C;1
к;C/C;G/G;T/T;T/G;A/T;N/N;G/C;T/C;1
к;T/C;G/G;T/T;T/T;T/T;N/N;G/G;T/T;1
к;T/C;G/G;T/G;T/T;A/A;N/N;G/G;T/T;1
к;C/C;G/G;T/G;G/G;T/T;N/N;G/G;T/T;1
к;T/C;G/G;T/G;T/G;A/A;N/N;G/G;T/C;1
к;T/T;G/G;T/T;T/G;A/A;N/N;G/G;T/T;1
к;T/C;A/A;T/T;G/G;A/A;N/N;G/G;T/T;1
к;T/T;G/G;T/G;T/G;A/A;N/N;G/G;T/T;1
к;T/T;G/G;T/G;G/G;A/T;N/N;G/C;T/T;1
к;T/C;G/A;G/G;T/T;A/A;N/N;G/G;T/T;1
к;T/T;G/A;T/T;T/T;A/T;N/N;G/G;T/T;1
к;T/T;G/G;T/T;G/G;A/T;N/N;G/G;T/C;1
к;T/T;G/G;G/G;G/G;T/T;N/N;G/G;T/T;1
к;T/C;G/A;T/G;T/G;T/T;N/N;G/G;T/C;1
н;T/C;G/G;G/G;T/G;T/T;N/N;G/G;T/T;1
к;T/T;G/G;G/G;G/G;T/T;N/N;G/G;T/T;1
н;T/C;G/G;T/G;T/T;A/T;N/N;G/G;T/T;1
н;T/C;G/G;T/G;T/T;A/T;N/P;G/G;T/T;1
к;T/C;G/G;T/G;T/G;A/T;N/N;G/C;T/C;1
к;T/T;G/G;T/G;T/G;A/T;N/N;G/G;T/C;1
к;T/T;G/G;T/G;T/G;A/T;N/N;G/G;T/T;1
к;T/C;G/A;G/G;T/G;A/A;N/P;G/G;T/C;1
к;T/T;G/G;T/G;T/T;A/T;N/N;G/G;T/T;1
к;C/C;G/A;T/T;G/G;A/T;N/N;G/G;T/T;1
к;T/C;G/A;G/G;T/T;A/A;N/N;G/G;C/C;1
к;T/C;G/G;T/G;T/G;T/T;N/N;G/C;T/T;1
к;T/T;G/A;T/T;T/G;A/T;N/N;G/G;T/T;1
к;T/T;G/G;T/G;T/G;A/T;N/N;G/C;C/C;1
к;T/T;G/G;T/G;T/G;A/A;P/P;G/G;T/C;1
к;T/C;G/G;T/T;G/G;A/A;N/P;G/G;T/T;1
к;T/C;G/G;T/G;T/T;A/A;N/N;G/C;T/C;1
н;T/C;G/G;T/T;T/G;T/T;N/N;G/G;T/T;1
к;T/T;G/G;T/G;T/T;T/T;N/N;G/C;T/T;1
к;C/C;G/G;G/G;T/G;A/T;N/N;G/G;T/T;1
к;T/T;G/G;T/T;T/G;T/T;N/N;G/G;C/C;1
к;T/T;G/G;T/G;T/G;A/A;N/N;G/G;C/C;1
к;T/T;G/G;T/T;T/T;A/T;N/N;G/G;C/C;1
к;T/T;G/G;T/T;T/G;A/T;N/N;G/C;T/T;1
к;T/C;G/G;T/G;T/G;A/T;N/N;G/G;T/C;1
к;C/C;G/G;G/G;T/G;A/A;N/N;G/G;T/T;1
н;T/T;G/A;G/G;T/G;T/T;N/N;G/G;T/T;1
к;T/T;G/G;T/G;G/G;A/T;N/N;G/G;T/T;1
к;T/C;G/G;T/T;T/G;A/A;N/N;G/G;T/T;1
к;C/C;G/G;T/G;T/G;A/A;N/N;G/G;T/C;1
к;C/C;G/A;T/T;T/G;A/T;N/N;G/G;T/T;1
к;T/T;G/G;G/G;T/T;T/T;N/N;G/C;T/T;1
к;C/C;A/A;G/G;T/T;A/A;N/N;G/G;C/C;1
к;T/T;G/G;T/G;G/G;A/A;N/N;G/G;T/C;1
к;T/C;G/G;T/T;T/G;A/A;N/N;G/G;T/C;1
к;T/T;G/G;T/G;T/T;A/T;N/N;G/C;T/C;1
к;T/T;G/G;T/G;G/G;A/A;N/N;G/G;C/C;1
к;T/T;A/A;T/G;T/T;T/T;N/N;G/G;T/T;1
к;C/C;G/G;T/T;T/T;A/T;N/N;G/G;T/C;1
к;T/T;G/A;G/G;G/G;A/A;N/N;G/G;T/T;1
к;T/C;G/G;T/G;T/T;T/T;N/N;G/G;C/C;1
к;T/T;G/G;T/G;G/G;A/T;N/P;G/G;T/T;1
к;T/T;G/G;T/G;G/G;A/A;N/N;G/G;T/T;1
к;T/C;G/A;T/G;G/G;T/T;N/N;G/C;T/T;1
к;T/C;G/G;T/T;G/G;T/T;N/N;G/G;T/C;1
к;T/T;G/G;G/G;T/T;T/T;N/N;G/G;T/C;1
к;T/T;G/G;T/T;T/G;A/A;N/N;G/G;T/T;1
к;T/C;G/G;T/G;G/G;A/T;N/N;G/G;T/C;1
н;T/T;A/A;T/G;T/T;A/T;N/N;G/G;T/T;1
к;T/C;G/G;T/G;T/T;A/A;N/N;G/G;T/T;1
к;T/T;G/G;T/T;G/G;A/T;N/N;G/G;T/C;1
к;T/T;G/G;T/T;T/G;A/A;N/P;G/G;T/C;1
к;C/C;G/A;T/G;T/G;T/T;N/P;G/G;T/T;1
к;T/T;G/G;T/G;T/G;T/T;N/P;G/C;T/T;1
к;T/C;G/G;T/T;T/G;A/T;N/N;G/G;T/C;1
к;T/T;G/G;G/G;T/T;A/T;N/N;G/G;T/T;1
к;T/C;G/A;T/T;T/T;T/T;N/N;G/G;T/C;1
к;T/C;G/G;G/G;T/G;A/A;N/N;G/G;T/T;1
к;T/T;G/G;G/G;T/G;T/T;N/N;G/G;T/C;1
н;T/T;G/A;T/G;T/G;A/A;N/N;G/G;T/T;1
к;T/C;G/G;G/G;T/G;T/T;N/N;G/G;T/C;1
к;T/T;G/A;G/G;T/G;A/T;N/P;G/G;T/C;1
к;T/C;G/G;G/G;T/G;T/T;N/N;G/G;T/C;1
к;T/C;G/G;T/T;T/G;T/T;N/N;G/G;T/C;1
к;C/C;G/A;T/G;T/G;A/A;N/N;G/G;T/C;1
к;T/T;G/G;T/G;T/T;A/A;N/N;G/C;T/T;1
к;T/T;G/G;T/G;T/G;A/T;N/N;G/G;T/T;1
;C/C;G/G;T/T;T/G;A/A;N/N;G/G;T/C;1
к;T/T;A/A;T/T;G/G;A/A;N/N;G/G;T/C;1
к;C/C;G/G;T/G;T/G;A/A;N/P;G/G;T/C;1
к;T/C;G/G;T/T;T/G;A/T;N/N;G/G;C/C;1
к;C/C;G/G;T/T;G/G;T/T;N/N;G/G;T/T;1
к;T/C;G/G;T/G;T/G;A/A;N/N;G/C;T/C;1
к;T/C;G/A;G/G;T/G;A/T;N/P;G/G;T/C;1
к;T/T;G/G;T/G;T/T;A/T;N/N;G/G;T/C;1
к;T/T;G/A;T/G;T/G;T/T;N/N;G/G;T/T;1
к;T/T;G/G;T/T;T/G;A/A;N/N;G/G;T/C;1
к;T/T;G/G;G/G;T/G;A/A;N/N;G/G;T/T;1
к;T/C;G/A;T/G;T/T;A/T;N/N;G/G;T/T;1
к;T/T;G/G;T/G;T/G;A/T;N/N;G/G;T/T;1
к;T/T;A/A;T/T;T/G;A/A;N/N;G/G;T/C;1
;T/T;G/G;G/G;T/G;A/A;P/P;G/G;T/C;1
к;T/T;G/G;G/G;T/T;T/T;N/P;G/G;T/T;1
к;T/C;G/G;T/G;T/G;A/T;N/N;G/G;T/T;1
к;T/C;G/G;T/G;T/T;A/T;N/P;G/G;T/C;1
;T/C;G/G;T/G;T/G;A/A;N/N;G/G;T/T;1
н;T/T;G/G;T/G;T/G;T/T;N/P;G/G;T/C;1
к;T/T;G/G;T/T;T/G;A/A;N/N;G/G;T/C;1
к;T/C;G/G;T/T;T/G;A/T;N/N;G/G;T/T;1
к;T/T;G/G;T/T;T/G;T/T;N/N;G/G;T/C;1
к;T/C;G/G;T/T;T/G;A/T;N/N;G/G;T/C;1
н;T/C;G/A;G/G;T/G;A/A;N/N;G/C;T/T;1
к;T/C;G/G;T/G;T/G;A/T;N/N;G/C;T/T;1
к;T/T;G/A;T/T;G/G;T/T;N/N;G/G;T/T;1
к;T/C;G/G;T/G;T/G;A/A;N/N;G/G;T/C;1
к;T/C;G/G;T/G;T/G;A/T;N/N;G/G;T/T;1
к;C/C;G/A;T/G;T/G;A/T;N/P;G/G;T/T;1
н;T/T;G/G;G/G;G/G;T/T;N/N;G/G;T/C;1
к;T/T;G/G;T/T;G/G;A/A;N/N;G/G;T/T;1
к;T/C;A/A;T/T;T/G;A/T;N/N;G/G;T/T;1
к;T/C;G/G;T/G;T/T;A/T;N/P;G/G;T/C;1
к;T/T;G/A;T/T;T/G;T/T;N/N;G/G;T/T;1
н;T/C;G/G;T/G;T/T;A/A;N/N;G/C;T/C;1
н;T/C;G/G;T/G;G/G;A/T;N/P;G/G;T/T;1
н;T/C;G/G;G/G;T/T;A/T;N/P;G/G;T/T;1
к;T/C;G/A;T/G;T/G;A/T;N/P;G/G;T/T;1
к;T/T;G/G;T/G;T/T;A/T;N/N;G/G;T/T;1
к;T/T;G/G;T/T;G/G;T/T;N/P;G/G;T/C;1
к;T/T;G/G;T/T;T/G;T/T;N/N;G/G;T/T;1
к;T/C;G/A;T/T;G/G;A/T;N/N;G/G;T/T;1
к;T/T;G/G;T/G;T/T;T/T;N/N;G/G;T/T;1
к;C/C;G/G;T/G;T/G;A/T;N/N;G/G;T/C;1
к;T/C;G/G;T/T;T/T;A/T;N/N;G/G;T/T;1
к;T/C;G/A;T/T;G/G;A/T;N/N;G/G;T/T;1
н;C/C;G/G;T/T;T/T;A/T;N/N;G/G;T/C;1
к;T/T;G/A;T/T;T/G;T/T;N/N;G/G;T/C;1
к;T/C;G/G;T/G;T/G;A/A;N/P;G/G;T/C;1
к;C/C;G/G;T/T;T/T;T/T;N/N;G/G;T/T;1
к;T/C;G/G;T/G;G/G;A/A;N/N;G/G;T/T;1
к;C/C;A/A;T/G;T/G;A/T;N/N;G/G;T/T;1
н;T/T;G/G;G/G;T/G;A/T;N/N;G/G;T/C;1
н;C/C;G/G;G/G;T/G;A/A;N/P;G/G;T/C;1
н;T/C;G/G;T/G;T/T;A/A;N/N;G/G;T/T;1
к;C/C;G/G;T/T;T/G;A/A;N/N;G/G;T/C;1
к;T/T;G/G;T/T;T/G;A/A;N/P;G/G;T/T;1
к;T/T;G/A;T/G;G/G;A/T;N/N;G/G;T/T;1
к;T/C;G/G;T/G;T/G;A/T;N/N;G/G;T/T;1
к;C/C;G/G;T/G;T/G;A/A;N/N;G/C;T/C;1
н;T/T;G/G;G/G;T/T;A/T;N/P;G/G;T/T;1
к;T/C;G/G;T/G;G/G;A/A;N/N;G/G;T/C;1
к;T/T;A/A;T/G;T/T;A/A;N/N;G/G;T/T;1
к;T/C;G/G;T/T;T/G;T/T;N/N;G/G;T/T;1
к;T/T;G/G;T/T;T/G;T/T;N/N;G/G;T/T;1
н;T/C;G/G;T/G;T/G;T/T;N/N;G/G;T/C;1
к;T/T;G/G;T/T;G/G;A/T;N/N;G/G;T/C;1
к;C/C;A/A;T/G;T/T;A/A;N/P;G/C;T/C;1
н;T/T;G/G;T/G;T/T;A/A;N/N;G/G;T/T;1
к;C/C;G/G;T/G;G/G;T/T;N/N;G/G;C/C;1
к;T/C;G/G;T/G;T/G;A/T;N/P;G/G;T/T;1
н;T/C;A/A;T/T;T/T;A/A;N/N;G/G;T/T;1
к;T/T;G/G;T/T;G/G;A/T;N/P;G/G;T/C;1
к;T/T;G/A;G/G;G/G;A/T;N/N;G/G;T/T;1
н;C/C;G/G;T/T;T/G;A/T;N/N;G/G;T/C;1
н;T/T;G/A;T/T;T/T;T/T;N/N;G/G;T/C;1
к;T/C;G/G;T/G;T/G;T/T;N/N;G/G;T/T;1
к;C/C;G/A;T/T;T/T;A/T;N/P;G/G;T/T;1
н;T/T;G/G;G/G;G/G;A/T;N/N;G/G;T/C;1
к;T/C;G/G;T/G;T/G;T/T;N/N;G/G;T/C;1
к;T/C;G/G;T/G;T/T;A/A;N/N;G/G;T/C;1
н;T/T;G/A;G/G;G/G;A/T;N/N;G/G;T/C;1
к;T/T;G/G;G/G;T/G;A/A;N/N;G/G;T/T;1
н;T/T;G/G;T/T;T/T;T/T;N/P;G/G;T/C;1
к;T/C;G/G;T/T;T/G;A/T;N/N;G/G;T/C;1
н;T/C;A/A;G/G;T/G;A/A;N/N;G/G;T/C;1
н;T/C;G/G;T/G;T/T;A/T;N/N;G/G;T/C;1
к;T/C;G/G;T/G;G/G;A/T;N/P;G/G;C/C;1
н;T/C;G/G;G/G;T/T;A/T;N/N;G/G;C/C;1
к;T/C;G/G;T/G;T/G;A/A;N/N;G/G;T/C;1
к;T/C;G/G;T/G;T/G;T/T;N/P;G/G;T/C;1
н;T/C;G/G;G/G;G/G;T/T;N/N;G/G;T/T;1
к;T/T;G/G;T/G;T/G;A/A;N/N;G/G;T/T;1
к;T/T;G/G;T/G;T/T;T/T;N/N;G/C;T/C;0
к;T/C;A/A;T/T;T/T;A/T;N/N;G/C;T/C;0
н;T/T;G/A;T/T;T/G;A/T;N/N;C/C;T/T;0
н;T/T;G/G;T/T;T/T;T/T;N/N;C/C;T/T;0
н;T/T;G/G;T/G;T/T;T/T;N/N;G/C;T/T;0
н;T/C;G/G;G/G;T/T;T/T;N/N;G/C;T/C;0
н;T/C;G/G;T/G;T/T;T/T;N/N;G/C;C/C;0
н;T/C;G/G;T/T;T/T;A/T;N/N;G/G;T/C;0
н;T/T;G/G;T/T;T/G;T/T;N/N;G/G;T/C;0
н;T/T;G/A;G/G;T/T;T/T;N/N;C/C;T/C;0
н;T/T;G/A;T/G;T/G;A/T;N/N;C/C;C/C;0
н;C/C;G/G;T/T;T/G;A/A;N/N;G/C;T/C;0
н;T/C;G/G;T/G;T/G;A/A;N/N;G/G;T/T;0
н;T/T;G/G;T/G;T/G;A/A;N/N;G/G;T/C;0
н;T/T;G/G;T/G;T/T;A/T;N/N;C/C;T/C;0
н;T/T;G/G;G/G;T/G;A/T;N/N;G/G;T/C;0
н;T/T;G/G;T/G;T/G;A/T;N/N;G/C;C/C;0
н;C/C;G/G;T/G;T/T;A/A;N/N;C/C;T/T;0
н;T/T;G/A;T/G;T/G;T/T;N/N;G/C;T/C;0
к;T/C;G/G;T/G;G/G;T/T;N/N;G/C;T/T;0
н;T/C;G/G;T/T;T/T;A/A;N/N;G/C;T/T;0
н;T/T;G/G;T/T;T/T;A/T;N/N;G/G;C/C;0
н;T/T;G/G;G/G;T/T;A/T;N/N;G/G;T/C;0
к;T/T;G/G;T/G;G/G;A/T;N/N;C/C;T/T;0
н;T/T;G/G;T/T;T/G;T/T;N/N;G/C;T/C;0
н;T/C;G/G;T/T;T/T;A/T;N/N;G/G;T/T;0
н;T/C;G/G;G/G;G/G;T/T;N/N;G/G;T/C;0
н;T/T;G/G;T/T;T/T;A/T;N/N;G/C;C/C;0
н;T/T;G/G;T/G;T/G;A/T;N/N;G/G;T/C;0
н;T/T;G/G;T/G;T/G;A/T;N/N;C/C;T/T;0
н;T/C;G/G;T/T;T/T;A/A;N/N;C/C;T/C;0
н;T/C;G/G;T/T;T/G;T/T;N/N;G/C;T/T;0
н;C/C;G/G;T/G;T/G;A/T;N/N;G/C;T/C;0
н;T/C;G/G;T/T;T/G;T/T;N/N;G/G;T/T;0
к;C/C;G/G;T/T;T/T;T/T;N/N;G/C;T/T;0
н;T/T;G/G;T/G;T/G;A/A;N/N;G/G;T/C;0
н;T/C;G/G;T/G;G/G;T/T;N/N;G/C;T/T;0
н;C/C;G/G;T/T;T/T;A/T;N/N;G/C;T/C;0
;T/T;G/G;T/G;T/T;T/T;N/N;G/G;T/C;0
к;T/C;G/G;T/G;G/G;A/T;N/N;C/C;T/C;0
н;T/T;G/G;G/G;G/G;T/T;N/N;G/C;T/C;0
н;T/T;G/G;G/G;T/T;A/T;N/N;C/C;T/C;0
к;T/T;G/G;T/G;T/T;T/T;N/N;G/C;T/C;0
к;T/T;G/G;T/T;T/G;T/T;N/N;G/G;T/C;0
к;T/C;G/G;T/G;T/G;A/T;N/N;G/C;T/T;0
н;T/T;G/G;T/G;T/T;T/T;N/N;G/C;T/C;0
н;T/T;G/G;T/T;T/G;A/T;N/N;G/C;T/C;0
н;T/T;G/G;T/T;T/T;T/T;N/N;G/C;T/C;0
н;T/T;G/G;T/G;G/G;A/A;N/N;G/G;T/C;0
н;T/C;G/G;T/T;T/T;T/T;N/N;G/C;T/T;0
к;T/T;G/G;T/G;T/T;A/A;N/N;C/C;T/C;0
к;T/C;G/G;T/G;T/G;A/T;N/N;G/G;T/C;0
н;T/T;G/G;G/G;T/T;T/T;N/N;C/C;T/C;0
к;T/C;G/G;T/G;T/G;T/T;N/N;G/C;T/T;0
н;T/T;G/G;T/T;T/G;A/A;N/N;C/C;T/C;0
н;T/C;G/G;T/T;T/G;A/A;N/N;G/C;T/T;0
к;T/C;G/G;T/G;T/T;T/T;N/N;G/C;T/T;0
к;T/T;G/G;G/G;T/G;A/T;N/N;G/C;C/C;0
н;T/T;G/G;G/G;G/G;T/T;N/N;C/C;C/C;0
к;T/C;G/G;G/G;T/G;T/T;N/N;G/C;T/T;0
к;T/C;G/G;T/G;G/G;T/T;N/N;C/C;C/C;0
н;C/C;G/G;T/G;T/G;A/T;N/N;G/G;T/C;0
к;T/T;G/G;T/G;T/T;A/T;N/N;G/G;T/T;0
к;T/C;G/G;T/G;T/G;T/T;N/N;G/C;C/C;0
к;T/T;G/G;T/G;T/G;T/T;N/N;G/C;T/T;0
н;T/C;G/G;T/G;T/G;A/T;N/N;G/C;T/T;0
к;T/C;G/G;T/T;T/G;A/T;N/N;G/G;T/T;0
н;T/C;G/A;T/G;G/G;A/T;N/N;G/G;T/C;0
к;C/C;G/G;T/T;T/G;T/T;N/N;G/C;T/C;0
к;T/T;G/G;T/G;T/G;A/T;N/N;G/G;T/C;0
н;T/C;G/G;T/G;T/G;T/T;N/N;G/G;T/T;0
н;T/C;G/G;T/T;T/T;A/T;N/N;G/G;T/T;0
н;T/T;G/G;T/G;T/T;A/T;N/N;G/C;T/C;0
к;T/T;G/G;G/G;T/G;T/T;N/N;G/C;T/T;0
к;T/T;G/A;T/G;T/T;A/T;N/N;G/C;C/C;0
к;T/C;G/G;G/G;T/T;A/A;N/N;G/G;T/C;0
к;T/T;G/G;T/G;T/G;A/T;N/N;G/G;T/T;0
к;T/C;G/G;T/T;T/T;A/T;N/N;G/G;T/T;0
к;T/T;G/G;T/T;G/G;A/A;N/N;G/G;T/C;0
к;T/T;G/G;G/G;T/T;A/T;N/N;G/G;T/C;0
н;C/C;G/G;T/G;T/G;A/A;N/N;G/C;T/T;0
к;T/T;G/G;T/T;T/T;T/T;N/N;G/G;T/C;0
к;T/T;G/G;T/T;T/T;A/T;N/N;G/G;T/C;0
н;T/T;G/G;T/G;T/G;A/T;N/N;C/C;T/T;0
н;T/T;G/G;G/G;T/G;T/T;N/N;G/G;T/C;0
н;T/T;G/G;T/G;T/T;A/A;N/N;C/C;C/C;0
н;T/C;G/G;G/G;G/G;A/T;N/N;G/C;T/T;0
н;T/C;G/A;G/G;T/T;A/T;N/N;G/G;T/T;0
н;T/T;G/G;T/G;T/T;A/A;N/N;G/G;T/T;0
к;C/C;G/G;T/T;T/T;A/A;N/N;G/G;T/T;0
к;T/T;G/G;T/G;T/G;T/T;N/N;G/C;T/T;0
н;T/T;G/G;T/G;T/G;A/A;N/N;G/G;T/T;0
н;T/T;G/G;T/G;T/T;A/A;N/N;G/G;T/C;0
н;T/C;G/A;T/T;T/T;A/A;N/N;G/G;T/C;0
н;T/C;G/A;T/G;T/G;A/T;N/N;G/G;T/T;0
к;T/T;G/G;T/T;T/G;A/A;N/N;G/G;T/T;0
к;T/C;G/A;T/G;G/G;A/T;N/N;G/G;T/C;0
к;T/T;G/G;T/G;T/G;A/A;N/N;G/C;T/C;0
к;T/C;G/G;G/G;T/G;A/T;N/N;G/C;T/C;0
к;T/C;G/G;T/G;T/G;A/T;N/N;G/C;T/C;0
к;T/T;G/G;T/G;T/G;T/T;N/N;G/C;T/C;0
н;T/C;G/G;G/G;G/G;A/A;N/N;G/C;T/T;0
к;T/T;G/A;T/G;T/T;A/T;N/N;G/C;T/C;0
н;T/C;G/G;T/G;T/G;T/T;N/N;G/C;T/T;0
н;T/T;G/G;T/G;T/T;A/A;N/N;G/C;T/T;0
н;C/C;G/G;T/G;T/T;A/T;N/N;C/C;T/T;0
к;T/T;G/G;T/G;T/G;T/T;N/N;G/C;T/C;0
к;T/T;G/G;G/G;G/G;A/T;N/N;G/G;T/C;0
н;T/T;G/A;T/T;T/T;A/A;N/N;G/G;T/T;0
н;T/T;G/G;T/T;G/G;T/T;N/N;G/G;T/C;0
к;T/T;G/G;G/G;T/T;A/A;N/N;G/C;T/T;0
к;C/C;G/G;T/T;G/G;A/A;N/N;G/G;T/T;0
н;T/T;G/G;T/T;T/T;A/T;N/N;G/G;C/C;0
н;C/C;G/G;T/G;T/T;T/T;N/N;G/G;C/C;0
н;T/C;G/G;T/T;T/T;A/T;N/N;G/G;T/C;0
н;T/C;G/G;T/G;G/G;A/T;N/N;G/G;T/T;0
к;T/T;G/G;T/G;T/T;T/T;N/N;G/G;T/C;0
к;T/T;G/G;T/T;T/G;T/T;N/N;G/C;T/T;0
н;T/C;G/G;T/T;G/G;T/T;N/N;C/C;T/T;0
к;T/C;G/G;T/G;T/G;A/A;N/N;G/G;T/C;0
н;T/T;G/G;G/G;T/T;A/T;N/N;G/G;T/T;0
н;T/C;G/G;G/G;T/T;A/T;N/N;G/G;T/C;0
к;T/C;G/G;T/T;T/T;A/T;N/N;G/G;T/C;0
к;T/T;G/G;T/T;T/G;T/T;N/N;G/G;T/C;0
н;T/T;G/G;T/T;T/G;A/A;N/N;G/C;T/C;0
к;T/C;G/G;G/G;G/G;A/T;N/N;G/G;T/C;0
н;T/C;G/G;T/G;T/G;A/T;N/N;G/G;T/C;0
н;T/T;G/G;T/G;G/G;A/T;N/N;G/C;T/T;0
к;T/C;G/G;T/G;T/G;T/T;N/N;G/G;T/C;0
к;T/C;G/G;T/G;T/G;A/A;N/N;C/C;T/C;0
н;T/T;G/G;T/G;T/T;A/T;N/N;G/C;T/T;0
к;T/C;G/G;T/T;T/T;T/T;N/N;G/G;T/C;0
к;C/C;G/G;T/G;T/T;A/T;N/N;G/G;T/C;0
н;C/C;G/G;T/G;T/T;A/T;N/N;G/C;T/T;0
к;T/T;G/G;T/G;G/G;A/A;N/N;G/G;T/C;0
к;C/C;G/G;T/G;T/T;A/A;N/N;G/G;T/C;0
к;T/T;G/G;T/T;T/T;A/T;N/N;G/G;C/C;0
к;C/C;G/G;T/G;T/G;A/T;N/N;G/C;T/C;0
к;C/C;G/G;G/G;T/T;T/T;N/N;C/C;T/C;0
к;T/T;G/G;T/G;T/T;A/T;N/N;G/G;T/T;0
н;T/C;G/G;G/G;T/T;T/T;N/N;G/C;T/T;0
н;T/T;G/G;T/T;T/T;T/T;N/N;G/C;T/C;0
к;T/T;G/G;T/T;T/G;A/A;N/N;G/C;C/C;0
к;T/C;G/G;G/G;T/G;T/T;N/N;G/G;T/C;0
н;T/T;G/G;T/G;T/T;T/T;N/N;G/G;C/C;0
к;T/C;G/G;T/G;T/T;A/T;N/N;C/C;T/C;0
к;C/C;G/G;T/G;T/T;A/A;N/N;G/G;C/C;0
к;T/T;G/A;T/T;T/T;T/T;N/N;C/C;T/C;0
н;C/C;G/G;T/G;G/G;A/A;N/N;G/C;C/C;0
к;T/C;G/G;T/T;T/T;A/T;N/N;G/C;T/C;0
к;T/T;G/G;T/G;T/T;A/T;N/N;C/C;T/T;0
н;T/C;G/G;T/T;T/G;A/T;N/N;C/C;T/T;0
к;T/C;G/G;T/G;T/T;A/T;N/N;G/G;T/C;0
к;T/C;G/A;T/T;T/G;A/T;N/N;G/C;C/C;0
н;T/T;G/G;T/G;T/T;A/T;N/N;G/G;T/T;0
к;T/T;G/G;T/T;G/G;T/T;N/N;G/G;C/C;0
н;T/C;G/G;T/G;T/G;A/T;N/N;G/C;T/C;0
к;T/C;G/G;T/G;T/G;A/T;N/N;C/C;T/C;0
н;T/C;G/G;T/T;T/T;T/T;N/N;G/G;C/C;0
к;T/T;G/G;T/G;T/T;T/T;N/N;G/G;T/T;0
к;C/C;A/A;T/G;T/G;A/T;N/N;G/G;T/T;0
к;T/T;G/A;T/G;T/G;A/T;N/N;G/C;T/C;0
к;T/T;G/G;T/G;T/G;A/A;N/N;C/C;T/C;0
к;C/C;G/G;T/G;T/T;A/A;N/N;G/C;C/C;0
к;T/T;G/G;T/T;T/G;T/T;N/N;G/C;T/C;0
н;T/T;G/G;T/G;T/T;A/T;N/N;G/G;C/C;0
н;T/C;G/G;T/G;T/T;A/T;N/N;G/C;T/T;0
к;T/C;G/G;T/G;T/T;T/T;N/N;G/C;C/C;0
н;T/C;G/A;T/G;T/G;T/T;N/N;G/C;T/C;0
к;T/C;G/A;T/G;T/G;A/A;N/N;G/G;T/T;0
к;C/C;G/G;T/G;T/T;T/T;N/N;C/C;T/T;0
к;T/C;G/A;T/G;T/T;T/T;N/N;G/G;C/C;0
н;T/C;G/A;T/G;T/T;A/T;N/N;G/G;T/C;0
к;T/T;G/A;T/T;T/T;A/A;N/N;C/C;T/T;0
к;T/T;G/G;T/G;T/G;A/T;N/N;G/G;T/T;0
к;T/C;G/G;T/G;T/G;A/T;N/N;G/C;T/C;0
к;C/C;G/G;T/G;G/G;A/T;N/N;G/C;T/C;0
к;C/C;G/A;T/G;T/T;A/A;N/N;G/G;T/C;0
к;C/C;G/G;T/G;T/G;T/T;N/N;G/C;T/T;0
к;T/C;G/A;T/T;G/G;A/T;N/N;G/G;T/C;0
к;T/C;G/A;G/G;T/T;A/T;N/N;G/G;T/C;0
к;T/C;G/G;G/G;T/G;A/A;N/N;G/C;T/C;0
к;C/C;G/G;T/G;T/T;A/T;N/N;G/G;T/C;0
к;T/T;G/G;T/T;T/T;A/T;N/N;G/C;C/C;0
н;T/T;G/G;T/T;T/G;T/T;N/N;G/C;T/C;0
н;T/T;G/A;T/T;T/T;A/T;N/N;G/G;C/C;0
н;T/C;G/G;G/G;T/T;A/A;N/N;G/C;T/C;0
н;T/T;G/G;T/T;T/T;A/T;N/N;G/G;T/C;0
к;T/C;G/G;T/T;T/T;T/T;N/N;G/G;T/T;0
к;T/T;G/G;T/T;T/G;A/T;N/N;G/G;T/T;0
к;T/C;G/G;T/T;T/G;T/T;N/N;C/C;T/T;0
к;T/C;G/A;G/G;G/G;A/T;N/N;G/G;T/C;0
к;T/T;G/G;T/G;T/G;T/T;N/N;G/C;C/C;0
н;T/T;G/G;T/G;T/G;T/T;N/N;G/C;T/C;0
н;T/C;G/A;T/G;T/G;T/T;N/N;G/G;T/C;0
к;T/T;G/G;T/T;T/T;T/T;N/N;C/C;T/T;0
к;T/T;G/A;T/T;T/G;A/T;N/N;G/G;T/C;0
н;T/C;G/G;T/T;T/T;T/T;N/N;G/C;T/C;0
н;T/T;G/A;T/T;T/G;A/A;N/N;C/C;T/C;0
н;T/C;G/A;T/T;T/G;T/T;N/N;C/C;T/C;0
к;T/T;G/A;T/G;T/T;A/T;N/P;G/C;T/C;0
н;C/C;G/G;T/G;T/T;A/T;N/N;G/C;T/C;0
к;T/T;G/A;T/T;T/T;A/T;N/N;G/C;T/T;0
н;T/T;G/G;T/T;T/T;A/T;N/N;G/C;T/C;0
н;T/C;G/G;G/G;T/G;T/T;N/N;C/C;C/C;0
н;T/T;G/G;T/G;T/G;T/T;N/N;G/G;T/C;0
к;T/T;G/A;T/G;T/G;A/T;N/N;G/C;C/C;0
н;T/C;G/G;T/G;T/G;A/T;N/N;G/C;C/C;0
к;T/T;G/G;T/G;T/T;T/T;N/N;C/C;T/T;0
н;T/T;G/G;T/G;T/T;A/T;N/N;G/C;T/C;0
н;T/C;G/G;T/G;T/G;A/T;N/N;G/C;T/C;0
н;T/T;G/G;T/T;G/G;A/T;N/N;G/C;T/C;0
н;T/C;G/A;T/G;T/G;A/T;N/N;G/C;T/C;0
к;C/C;G/G;T/T;T/G;A/T;N/N;G/C;T/T;0
н;T/T;G/G;T/G;T/G;A/A;N/N;G/C;T/T;0
к;T/C;A/A;T/G;T/G;A/T;N/N;G/C;T/T;0
н;T/C;G/G;T/G;T/T;A/T;N/N;G/C;T/C;0
н;T/T;G/G;T/G;T/T;A/T;N/N;C/C;T/C;0
к;T/T;G/G;T/G;G/G;A/T;N/N;G/G;T/C;0
к;T/C;G/G;T/G;T/T;T/T;N/N;G/C;T/T;0
к;C/C;G/G;G/G;G/G;T/T;N/N;G/G;T/T;0
к;T/T;G/G;T/G;T/T;T/T;N/N;G/C;T/C;0
к;T/C;G/G;T/G;T/G;A/T;N/N;G/G;T/T;0
н;T/T;G/G;T/G;T/G;T/T;N/N;G/G;T/T;0
н;T/T;G/A;T/T;T/G;A/T;N/N;G/G;T/C;0
н;T/C;G/G;T/G;T/T;T/T;N/N;G/C;T/T;0
к;T/T;G/G;G/G;T/T;A/T;N/N;G/C;C/C;0
н;T/T;G/A;T/T;T/G;T/T;N/N;G/G;T/C;0
н;C/C;G/G;G/G;T/T;T/T;N/P;G/C;T/T;0
к;T/T;G/A;T/G;T/T;T/T;N/N;G/G;T/C;0
н;C/C;G/G;T/G;G/G;T/T;N/N;G/G;T/T;0
н;T/T;G/G;T/G;T/T;T/T;N/N;G/C;T/C;0
к;T/C;G/G;G/G;T/G;A/T;N/N;G/G;T/C;0
н;T/T;G/G;G/G;T/G;A/A;N/N;C/C;T/C;0
к;C/C;G/G;T/G;T/T;A/T;N/N;G/C;T/C;0
н;T/C;G/G;T/G;T/T;T/T;N/N;G/G;T/C;0
к;T/C;G/A;T/G;T/T;A/T;N/N;G/G;T/T;0
к;T/C;A/A;T/G;T/G;A/T;N/N;G/G;T/T;0
к;T/T;G/A;T/G;T/T;A/T;N/N;G/G;T/C;0
н;T/C;G/G;T/G;T/G;A/T;N/N;C/C;T/C;0
к;T/T;G/G;T/T;T/T;A/T;N/N;G/C;T/C;0
к;T/T;G/G;T/G;T/G;A/T;N/N;G/G;T/T;0
к;T/C;G/A;T/G;T/T;A/T;N/N;C/C;T/T;0
к;T/T;G/A;T/G;T/T;A/T;N/N;G/C;C/C;0
н;T/C;G/G;T/T;G/G;A/T;N/N;G/G;T/C;0
н;T/T;G/G;T/G;T/T;A/T;N/N;G/G;T/C;0
к;T/T;G/G;G/G;T/G;T/T;N/N;G/C;T/C;0
к;T/T;G/G;T/T;T/G;T/T;N/N;G/G;T/C;0
н;T/C;G/G;T/T;T/T;A/T;N/N;G/G;T/C;0
н;T/C;G/G;G/G;T/G;A/T;N/N;G/C;T/C;0
н;T/T;G/G;T/G;T/T;A/T;N/N;C/C;T/C;0
н;T/C;G/A;T/G;T/T;A/T;N/N;C/C;T/C;0
н;T/C;G/G;T/G;T/T;T/T;N/N;C/C;T/C;0
к;T/C;G/G;T/T;T/G;A/A;N/N;G/C;T/T;0
н;T/T;G/G;T/G;T/T;A/T;N/N;G/G;T/T;0
н;T/T;G/G;T/G;T/G;A/T;N/N;G/C;C/C;0
н;T/C;G/A;T/G;T/G;A/T;N/N;G/C;T/C;0
к;T/T;G/G;G/G;T/G;A/T;N/N;G/G;C/C;0
н;T/T;G/A;T/G;G/G;A/T;N/N;G/G;T/C;0
к;T/C;G/G;T/G;T/T;A/T;N/N;G/C;T/C;0
к;T/C;G/G;T/G;T/T;A/T;N/N;G/C;T/C;0
к;T/T;G/G;T/T;T/T;A/T;N/N;G/C;T/C;0
к;T/T;G/A;T/G;T/T;A/T;N/N;C/C;T/C;0
н;T/C;G/G;T/G;T/T;A/T;N/N;G/C;T/C;0
к;T/T;G/G;T/T;T/T;A/T;N/N;G/G;T/C;0
н;T/T;G/G;T/T;T/G;A/T;N/N;C/C;T/C;0
н;T/T;G/G;G/G;T/G;T/T;N/N;G/C;T/C;0
н;T/C;G/G;T/T;G/G;A/T;N/N;C/C;T/C;0
к;T/T;G/G;T/T;T/T;T/T;N/N;G/G;T/T;0
к;C/C;G/A;G/G;T/T;A/T;N/N;G/G;C/C;0
к;T/T;G/G;T/T;T/G;A/T;N/N;G/G;T/C;0
к;T/T;G/G;T/T;T/G;A/T;N/N;G/C;T/T;0
к;T/C;G/G;T/T;T/G;A/T;N/N;G/G;T/C;0
н;C/C;G/G;T/G;T/T;A/T;N/N;G/C;T/C;0
н;T/C;G/G;T/G;T/T;A/T;N/N;G/C;T/T;0
н;T/T;G/G;T/G;T/T;T/T;N/N;G/G;T/T;0
к;T/C;G/G;T/G;T/T;A/T;N/N;G/G;T/T;0
к;T/T;G/G;T/G;T/G;A/T;N/N;G/C;T/C;0
к;T/C;G/G;T/T;T/G;A/T;N/N;G/G;T/C;0
к;T/T;G/G;T/T;T/T;A/T;N/N;C/C;T/C;0
к;T/C;G/G;T/G;T/T;A/T;N/N;G/C;T/C;0
н;T/T;G/G;T/G;T/T;A/T;N/N;G/C;T/C;0
к;T/C;G/G;T/G;T/T;T/T;N/N;G/G;T/C;0
к;T/T;G/G;T/T;T/T;A/T;N/N;C/C;T/C;0
н;C/C;G/G;T/G;G/G;A/T;N/N;G/C;T/T;0
н;T/T;G/G;T/T;T/G;T/T;N/N;G/C;T/T;0
н;T/T;G/G;T/G;T/G;A/T;N/N;G/G;T/T;0
н;T/T;G/G;T/G;T/T;T/T;N/N;G/G;T/C;0
н;T/C;G/A;T/G;G/G;A/T;N/N;G/G;C/C;0
к;T/C;G/G;T/G;T/G;T/T;N/N;G/G;T/T;0
н;T/T;A/A;T/T;T/G;A/T;N/N;C/C;T/T;0
н;T/C;G/A;T/G;T/T;T/T;N/N;G/C;T/C;0
н;T/T;G/G;T/T;T/G;A/T;N/N;G/C;T/T;0
н;T/C;G/A;G/G;T/G;A/T;N/N;G/C;T/C;0
к;T/C;G/G;G/G;T/G;A/T;N/N;G/C;T/C;0
к;T/T;G/G;G/G;T/T;A/T;N/N;G/G;T/C;0
к;T/T;G/G;T/T;T/T;A/T;N/N;C/C;T/T;0
н;T/T;G/A;T/T;T/G;A/T;N/N;G/G;T/T;0
н;C/C;G/G;T/G;T/T;A/T;N/N;G/C;T/T;0
к;C/C;G/G;T/G;T/G;T/T;N/N;G/C;T/C;0
